cycle,px,py,objective,best_val,evaluated_count,no_improvement_count,status
1,15,7,3.5619586331220447,3.5619586331220447,108,0,improved
2,15,7,3.5619586331220447,3.5619586331220447,108,1,no_improvement
3,15,7,3.5619586331220447,3.5619586331220447,108,2,no_improvement
4,15,7,3.5619586331220447,3.5619586331220447,108,3,no_improvement
5,15,7,3.5619586331220447,3.5619586331220447,108,4,no_improvement
6,,,,3.5619586331220447,108,5,invalid_or_evaluated
7,,,,3.5619586331220447,108,6,invalid_or_evaluated
8,15,7,3.5619586331220447,3.5619586331220447,108,7,no_improvement
9,,,,3.5619586331220447,108,8,invalid_or_evaluated
10,15,7,3.5619586331220447,3.5619586331220447,108,9,no_improvement
11,15,7,3.5619586331220447,3.5619586331220447,108,10,no_improvement
