cycle,px,py,objective,best_val,evaluated_count,no_improvement_count,status
1,16,2,3.575657836885696,3.575657836885696,2,0,improved
2,10,4,3.4479640316122,3.4479640316122,3,0,improved
3,5,1,3.13019813302511,3.13019813302511,4,0,improved
4,8,1,3.356175235128135,3.13019813302511,5,1,no_improvement
5,5,4,3.1301981328018202,3.1301981328018202,6,0,improved
6,4,2,3.134337033176096,3.1301981328018202,7,1,no_improvement
7,17,12,3.563430097159713,3.1301981328018202,8,2,no_improvement
8,9,2,3.407881816178127,3.1301981328018202,9,3,no_improvement
9,4,4,3.1337838981128,3.1301981328018202,10,4,no_improvement
10,7,1,3.2871513562925037,3.1301981328018202,11,5,no_improvement
11,1,1,9.884851863760804,3.1301981328018202,12,6,no_improvement
12,14,1,3.546165611162819,3.1301981328018202,13,7,no_improvement
13,13,1,3.5277538006277847,3.1301981328018202,14,8,no_improvement
14,4,3,3.134337036450972,3.1301981328018202,15,9,no_improvement
15,11,10,3.135905583164564,3.1301981328018202,16,10,no_improvement
