cycle,px,py,objective,best_val,evaluated_count,no_improvement_count,status
1,16,16,2.82187639112928,2.82187639112928,2,0,improved
2,3,1,3.3148454030723515,2.82187639112928,3,1,no_improvement
3,12,4,3.505981804446589,2.82187639112928,4,2,no_improvement
4,2,2,4.061881684530914,2.82187639112928,5,3,no_improvement
5,17,8,3.5876558131467764,2.82187639112928,6,4,no_improvement
6,16,5,3.575657835378671,2.82187639112928,7,5,no_improvement
7,16,11,3.5690809035784956,2.82187639112928,8,6,no_improvement
8,16,4,3.5756446378224145,2.82187639112928,9,7,no_improvement
9,17,16,2.981420000377715,2.82187639112928,10,8,no_improvement
10,1,1,9.884851863760804,2.82187639112928,11,9,no_improvement
11,15,14,3.0194632994850163,2.82187639112928,12,10,no_improvement
