cycle,px,py,objective,best_val,evaluated_count,no_improvement_count,status
1,16,8,3.575645912355745,3.575645912355745,2,0,improved
2,3,2,3.3148454030619448,3.3148454030619448,3,0,improved
3,4,2,3.134337033176096,3.134337033176096,4,0,improved
4,1,1,9.884851863760804,3.134337033176096,5,1,no_improvement
5,15,10,3.561945645810391,3.134337033176096,6,2,no_improvement
6,14,3,3.546132705724574,3.134337033176096,7,3,no_improvement
7,7,6,3.2694338309741706,3.134337033176096,8,4,no_improvement
8,16,10,3.5756578400103027,3.134337033176096,9,5,no_improvement
9,17,14,3.328493642492664,3.134337033176096,10,6,no_improvement
10,6,3,3.2009765945830084,3.134337033176096,11,7,no_improvement
11,7,2,3.2871513550984637,3.134337033176096,12,8,no_improvement
12,16,15,2.9992154934710076,2.9992154934710076,13,0,improved
13,6,2,3.2009765942425252,2.9992154934710076,14,1,no_improvement
14,16,11,3.5690809035784956,2.9992154934710076,15,2,no_improvement
15,16,7,3.5756453530884325,2.9992154934710076,16,3,no_improvement
16,12,11,3.1001497280963886,2.9992154934710076,17,4,no_improvement
17,13,10,3.463080484818072,2.9992154934710076,18,5,no_improvement
18,14,11,3.4335691553796353,2.9992154934710076,19,6,no_improvement
19,4,4,3.1337838981128,2.9992154934710076,20,7,no_improvement
20,16,12,3.501235463323775,2.9992154934710076,21,8,no_improvement
21,11,10,3.135905583164564,2.9992154934710076,22,9,no_improvement
22,2,2,4.061881684530914,2.9992154934710076,23,10,no_improvement
