cycle,px,py,objective,best_val,evaluated_count,no_improvement_count,status
1,12,8,3.5059938995607958,3.5059938995607958,2,0,improved
2,16,3,3.5756578412204814,3.5059938995607958,3,1,no_improvement
3,8,4,3.3561752351236005,3.3561752351236005,4,0,improved
4,11,4,3.479877025588448,3.3561752351236005,5,1,no_improvement
5,17,16,2.981420000377715,2.981420000377715,6,0,improved
6,16,16,2.82187639112928,2.82187639112928,7,0,improved
7,2,1,4.061881684250354,2.82187639112928,8,1,no_improvement
8,1,1,9.884851863760804,2.82187639112928,9,2,no_improvement
9,10,5,3.4479442778105702,2.82187639112928,10,3,no_improvement
10,15,3,3.5619586310731783,2.82187639112928,11,4,no_improvement
11,10,9,3.1769743506412698,2.82187639112928,12,5,no_improvement
12,11,11,2.873094081299025,2.82187639112928,13,6,no_improvement
13,16,12,3.501235463323775,2.82187639112928,14,7,no_improvement
14,11,9,3.371554456191327,2.82187639112928,15,8,no_improvement
15,11,3,3.479901681097831,2.82187639112928,16,9,no_improvement
16,16,10,3.5756578400103027,2.82187639112928,17,10,no_improvement
